company,url,country,segment,category,score,wave,owner,suggested_first_line,verify_before_sending,contact_name,contact_email,touch1_date,followup_date,breakup_date,replied,call_booked,call_held,partner_status,notes
EXAMPLE - Acme SaaS,acme.example,Germany,EU vertical,Vertical SaaS,9,1,Ivica,Example hook referencing their specific evidence.,Example caveat to check first,Jane Doe (CTO),jane@acme.example,2026-08-04,2026-08-08,2026-08-14,Y,2026-08-11,2026-08-12,discovery call held,asked about SOC2; send follow-up deck
Attio,attio.com,UK,Dev tools,Sales/CRM,10,1,Ivica,Your G2 reviews' most consistent complaint is the native-integration gap versus HubSpot's 1500-app marketplace - close it white-label.,Apps page 403 during research,,,,,,,,,,
folk,folk.app,France,Dev tools,Sales/CRM,10,1,Ivica,Reviewers keep dinging folk for four native integrations and pushing the rest through customers' paid Zapier plans - ship the Salesforce/HubSpot syncs they ask for.,Funding figure via aggregators - verify,,,,,,,,,,
Cargoson,cargoson.com,Estonia,EU vertical,Logistics TMS,10,1,Co-founder,A 13-person team maintaining 2000+ carrier and ERP connectors - we build the embedded engine that ships connectors without hand-coding each one.,Integrations page 403 during research,,,,,,,,,,
Vertuoza,vertuoza.com,Belgium,EU vertical,Construction,10,1,Co-founder,"You solved accounting sync via Chift's unified API - get the same self-serve depth across banking, suppliers and ERP under your own brand.",,,,,,,,,,,
Humaans,humaans.io,UK,HR/fin-ops,HRIS,10,1,Ivica,Reviewers call integration support 'minimal' and ask for Deel plus true two-way Lattice sync - exactly the long tail an embedded iPaaS closes without a connectors team.,Re-verify review quotes on G2/Capterra; UK counted for EU bonus,,,,,,,,,,
Kenjo,kenjo.io,Germany,HR/fin-ops,HRIS (frontline/SMB),10,1,Ivica,Payroll runs through DATEV bridges yet reviewers rate integrations 3.8/5 - ship the Slack/payroll connectors users keep asking for.,,,,,,,,,,,
Cal.com,cal.com,USA,Dev tools,Scheduling (OSS),9,1,Ivica,"There are 43 open integration requests across your GitHub org, with users calling the Zapier workaround 'cumbersome and error-prone'.",,,,,,,,,,,
Chatwoot,chatwoot.com,USA,Dev tools,Customer support (OSS),9,1,Ivica,"Your Discord, Teams and HubSpot integration issues have been open 4-5 years with dozens of upvotes - open-source to open-source, clear the backlog.",,,,,,,,,,,
ilert,ilert.com,Germany,Dev tools,Incident management,9,1,Ivica,A 13-person bootstrapped team hand-building Dynatrace and Raygun integrations monthly - match PagerDuty's catalog without PagerDuty's headcount.,,,,,,,,,,,
Twenty,twenty.com,France,Dev tools,CRM (OSS),9,1,Ivica,"In your Native Integrations discussion, users say the missing PostHog connector blocks leaving HubSpot - ship that long tail inside Twenty.",Headcount unknown,,,,,,,,,,
Doctorly,doctorly.de,Germany,EU vertical,Health practice mgmt (PVS),9,1,Co-founder,"You describe doctorly as including an integration platform for the wider health industry - we provide exactly that layer, open-source and embeddable.",,,,,,,,,,,
Nelly,getnelly.de,Germany,EU vertical,Practice fintech,9,1,Co-founder,The Nelly Connector speaks to every German PVS one interface at a time - turn that connector backlog into configuration instead of engineering.,Headcount unknown,,,,,,,,,,
Payaca,payaca.com,UK,EU vertical,Clean-tech field service,9,1,Co-founder,"Four native connectors and Zapier for the rest - ship white-label native integrations (MCS bodies, suppliers, accounting) without per-connector engineering.",Size unverified; last disclosed round stale,,,,,,,,,,
Plancraft,plancraft.com,Germany,EU vertical,Construction trades,9,1,Co-founder,Your DATEV workflow still runs on CSV export/import while you scale to 11 countries - get real two-way accounting and supplier APIs.,,,,,,,,,,,
Atlar,atlar.com,Sweden,HR/fin-ops,Treasury / fin-ops,9,1,Ivica,You are staffing a nine-engineer Connectivity team for bank/ERP integrations - worth comparing what an embedded open-source layer takes off that roadmap.,Headcount unknown,,,,,,,,,,
Hyperline,hyperline.co,France,HR/fin-ops,Billing,9,1,Ivica,"Your changelog shows accounting connectors shipped one at a time (Zoho Books in March, NetSuite/Rillet in May) - announce ten a quarter without burning core eng.",Headcount unknown; integrations page 403 during research,,,,,,,,,,
Payslip,payslip.com,Ireland,HR/fin-ops,Global payroll,9,1,Ivica,"Your team hand-builds every HCM-to-payroll connector (Workday PECI, SuccessFactors) - the workload an embedded platform turns into configuration.",Headcount unknown,,,,,,,,,,
Sequence,sequencehq.com,UK,HR/fin-ops,Billing / CPQ / AR,9,1,Ivica,Your docs route NetSuite customers to CSV exports and 'talk to our team' - make NetSuite and the next ten ERPs native.,Headcount unknown,,,,,,,,,,
Zelt,zelt.app,UK,HR/fin-ops,HR / payroll / IT ops,9,1,Ivica,"Reviews flag the missing integration ecosystem and public API - an embedded iPaaS gives you both, plus fixes like the Nest pension sync.",Headcount unknown,,,,,,,,,,
Coperniq,coperniq.io,USA,US vertical,Solar contractor software,9,1,Co-founder,Your support docs list about eight native integrations with the rest routed through Zapier - ship the long tail natively and white-labeled.,Integrations page 403 during research,,,,,,,,,,
Latchel,latchel.com,USA,US vertical,Proptech maintenance ops,9,1,Co-founder,Your Series A announcement earmarked funds to 'deepen third party property management integrations' - compress that roadmap from quarters to weeks.,,,,,,,,,,,
Lawmatics,lawmatics.com,USA,US vertical,Legal CRM / intake,9,1,Co-founder,G2 reviewers praise your automation but repeatedly flag integrations as a weak spot - close the gap without staffing a connector team.,,,,,,,,,,,
Checkly,checklyhq.com,Germany,Dev tools,Synthetic monitoring,8,2,Ivica,Your alert-channel list is a fraction of Datadog's and the community has filed integration requests for years - catalog breadth at startup cost.,Feedback board and integrations page 403 during research,,,,,,,,,,
Infisical,infisical.com,USA,Dev tools,Secrets mgmt (OSS),8,2,Ivica,Secret-sync bugs like the GitLab masked-sync failure sit open since 2024 across your hand-built connector fleet - we maintain 190+ so yours do not rot.,,,,,,,,,,,
Plane,plane.so,India/USA,Dev tools,Project management (OSS),8,2,Ivica,"Your Gitea-sync issue has 94 upvotes since 2023 with GitLab parity and Mattermost queued behind it - power those syncs, keep engineers on core PM.",Headcount unknown,,,,,,,,,,
Secoda,secoda.co,Canada,Dev tools,Data catalog,8,2,Ivica,"Your docs promise Airflow, S3 and great_expectations connectors 'on the roadmap' and ask users to email requests - clear the whole queue.",,,,,,,,,,,
SigNoz,signoz.io,USA,Dev tools,Observability (OSS),8,2,Ivica,The Discord alert-channel request your own team filed from a paying-user thread has been open since January 2023.,,,,,,,,,,,
Awell,awellhealth.com,Belgium,EU vertical,Clinical workflows,8,2,Co-founder,Each EHR integration is hand-built extension by extension - a self-serve connector catalog while your team stays on care flows.,Conceptual overlap with ByteChef - scope pitch to EHR connector infra,,,,,,,,,,
Chainels,getchainels.com,Netherlands,EU vertical,Tenant experience,8,2,Co-founder,Every new landlord runs a PMS your Entrata/Yardi connectors do not cover - stop letting PMS hookups gate deals.,Headcount unknown,,,,,,,,,,
Dockflow,dockflow.com,Belgium,EU vertical,Maritime visibility,8,2,Co-founder,Each new forwarder means another TMS/ERP hookup like your Portbase build - let customers self-serve those connections.,Headcount unknown,,,,,,,,,,
EverReal,everreal.co,Germany,EU vertical,Proptech leasing,8,2,Co-founder,"The Wodis/DOMUS/iX-Haus interface list is the hardest part of every deal - reusable connectors your team configures, not codes.",Later funding rounds unknown,,,,,,,,,,
FreightSuite,freightsuite.com,UK,EU vertical,Forwarding TMS,8,2,Co-founder,Out-integrating CargoWise needs dozens more connectors beyond Freightos and Clearport - a connector factory without diverting your AI roadmap.,Size unverified,,,,,,,,,,
Harbor Lab,harborlab.com,Greece,EU vertical,Maritime port costs,8,2,Co-founder,Every DA your platform approves lands in a shipowner's ERP - embedded white-label ERP connectors shipped in weeks.,Generic pain signal only - verify on first call,,,,,,,,,,
HERO Software,hero-software.de,Germany,EU vertical,Construction trades,8,2,Co-founder,Your Schnittstellen page covers DATEV export and supplier data formats - each new country means new systems; solve it embedded.,Possibly ~230 employees - verify,,,,,,,,,,
Legl,legl.com,UK,EU vertical,Law-firm ops,8,2,Co-founder,"Clio, Actionstep and Sharedo are built but most UK firms sit on other PMS - cover the long tail without a connector team.",Headcount unknown,,,,,,,,,,
Rentio,rentio.be,Belgium,EU vertical,Rental mgmt,8,2,Co-founder,Accounting sync routes through EenvoudigFactureren today - own native Exact/Winbooks/bank connections in-product.,Stale seed round; size unknown - confirm company activity,,,,,,,,,,
Carv,carv.com,Netherlands,HR/fin-ops,Recruiting AI,8,2,Ivica,Carv's value lands only when data flows back into the customer's ATS and you support a handful today - get Bullhorn plus the long tail.,,,,,,,,,,,
Circula,circula.com,Germany,HR/fin-ops,Expense / spend,8,2,Ivica,G2 scores integrations as your weakest dimension with manual re-entry complaints - extend DATEV-grade depth to every payroll and HR system.,Weaker pain evidence,,,,,,,,,,
Embat,embat.io,Spain,HR/fin-ops,Treasury,8,2,Ivica,You are hiring ERP Connectivity Specialists per ERP flavor - the clearest sign the connector backlog is outgrowing the team.,Fresh Series B; near size ceiling,,,,,,,,,,
Kolleno,kolleno.com,UK,HR/fin-ops,AR / collections,8,2,Ivica,Your pitch is 'keeping everything in sync' yet the public connector list covers four ERPs - match Sidetrade-level breadth at seed size.,Integrations page 403 during research,,,,,,,,,,
Omnea,omnea.co,UK,HR/fin-ops,Procurement,8,2,Ivica,You are hiring an Integration Solutions Engineer to untangle customer integration challenges - turn bespoke hookups into a self-serve connector catalog.,150-170 employees; near size ceiling,,,,,,,,,,
Quandri,quandri.io,Canada,HR/fin-ops,Insurance ops,8,2,Ivica,"Every AMS integration (Epic, AMS360, HawkSoft) is a months-long project and a press release - cover the AMS long tail in one quarter.",,,,,,,,,,,
Solvimon,solvimon.com,Netherlands,HR/fin-ops,Billing / monetization,8,2,Ivica,Four accounting connectors listed while enterprise billing deals hinge on the buyer's exact ERP - answer 'do you integrate with X?' with yes.,Integrations page 403 during research,,,,,,,,,,
Younium,younium.com,Sweden,HR/fin-ops,Subscription billing,8,2,Ivica,A G2 reviewer called your Salesforce integration 'horrible' - rebuild CRM/ERP sync once and expose every connector mid-market buyers expect.,Funding picture murky; treat stage as small Series A,,,,,,,,,,
AgVend,agvend.com,USA,US vertical,Ag retail portals,8,2,Co-founder,"Your grower portals live or die by ERP, agronomy and grain-system syncs - onboard the next ag ERP without a bespoke build.",Round label sourced via Tracxn only,,,,,,,,,,
Archy,archy.com,USA,US vertical,Dental practice mgmt,8,2,Co-founder,"Sensors, imaging AI and payer systems each still need a bespoke connector - ship them natively instead of one TWAIN driver at a time.",,,,,,,,,,,
Carepatron,carepatron.com,New Zealand,US vertical,Health practice mgmt,8,2,Co-founder,"Capterra reviewers keep asking for Medicare, insurance-billing and accounting integrations - embedded white-label connectors instead of hand-builds.",,,,,,,,,,,
Hona,hona.com,USA,US vertical,Legal client comms,8,2,Co-founder,"Your edge is deep case-management sync with Clio, Filevine and Smokeball - cover the next ten PMSs prospects ask about.",,,,,,,,,,,
Milk Moovement,milkmoovement.com,Canada,US vertical,Dairy supply chain,8,2,Co-founder,"You ingest lab results 'via API, FTP, or email' - turn that legacy glue into productized white-label integrations co-ops configure themselves.",,,,,,,,,,,
RentCheck,getrentcheck.com,USA,US vertical,Proptech inspections,8,2,Co-founder,"Buildium sits at 'coming soon' on your integrations lineup - ship Buildium, Propertyware and the PM long tail in weeks.",Signal from search snippets; may be too small to buy,,,,,,,,,,
Siteline,siteline.com,USA,US vertical,Construction billing,8,2,Co-founder,You maintain bidirectional syncs to eight-plus construction ERPs in-house - offload connector maintenance and keep engineers on billing workflows.,Integrations page 403 during research,,,,,,,,,,
VXT,vxt.co.nz,New Zealand,US vertical,Legal communications,8,2,Co-founder,You ship practice-management integrations one announcement at a time - cover the PMS long tail all at once.,,,,,,,,,,,
Dash0,dash0.com,Germany/USA,Dev tools,Observability,7,3,Ivica,103 ingestion integrations but alerts only reach PagerDuty and a bare Slack webhook - Datadog-grade outbound reach in one quarter.,EU status ambiguous; inferred pain,,,,,,,,,,
Formbricks,formbricks.com,Germany,Dev tools,Surveys (OSS),7,3,Ivica,Your users file Telegram and Snowflake requests specifically to stop paying for Zapier - power those destinations inside Formbricks.,Small team - may be below buying size,,,,,,,,,,
kapa.ai,kapa.ai,Denmark,Dev tools,AI doc assistants,7,3,Ivica,"Your pitch depends on 30+ doc sources plus Slack, Discord and Zendesk surfaces - every enterprise deal adds another connector ask.",Inferred pain,,,,,,,,,,
Lightdash,lightdash.com,UK,Dev tools,BI for dbt (OSS),7,3,Ivica,"The StarRocks connector request has been open since 2023 - keep the Accel funding on the AI analyst, not connector plumbing.",Headcount unknown,,,,,,,,,,
Sifflet,siffletdata.com,France,Dev tools,Data observability,7,3,Ivica,"Data-observability deals are won on connector coverage and your public catalog lists around ten platforms - triple the surface, not the team.",Headcount unknown,,,,,,,,,,
Contractbook,contractbook.com,Denmark,EU vertical,Legal CLM,7,3,Co-founder,Your integration story largely runs through Zapier - native white-label CRM/ERP sync that Zapier cannot match on depth or data control.,Headcount unknown,,,,,,,,,,
Juro,juro.com,UK,EU vertical,Legal CLM,7,3,Co-founder,Users call the CRM integration buggy and deeper connectors sit behind add-on pricing - make integrations a strength instead of an upsell friction.,,,,,,,,,,,
Lexroom.ai,lexroom.ai,Italy,EU vertical,Legal AI research,7,3,Co-founder,Every firm will ask for their PMS and DMS to feed your AI - deliver that connector catalog without slowing the model roadmap.,Weak-authority pain source; fresh large Series B,,,,,,,,,,
Light,light.inc,Denmark,HR/fin-ops,Accounting / ERP,7,3,Ivica,You outsourced bank connectivity to Atlar rather than build it - the same buy-not-build logic applies to the integrations a NetSuite challenger needs.,Inferred pain,,,,,,,,,,
Numeric,numeric.io,USA,HR/fin-ops,Accounting close,7,3,Ivica,Your close automation reaches four GLs and QuickBooks Enterprise is a named gap - chase FloQast's ERP coverage without diverting AI engineers.,,,,,,,,,,,
Pivot,pivotapp.ai,France,HR/fin-ops,Procurement / AP,7,3,Ivica,Three native ERP integrations and an open API for the rest - productize the build-it-yourself tail as you push into 25+ countries.,Weaker pain evidence; fresh Series B,,,,,,,,,,
Upflow,upflow.io,France,HR/fin-ops,AR / collections,7,3,Ivica,"Your half-dozen native ERP connectors are well-loved, but complex stacks still fall back to manual syncs - cover the billing-tool long tail.",Weaker pain evidence,,,,,,,,,,
AgriWebb,agriwebb.com,Australia,US vertical,Livestock mgmt,7,3,Co-founder,Your Marketplace promises a 'growing number' of connected farm systems - grow that number tenfold without a partner-engineering backlog.,Headcount unknown,,,,,,,,,,
Alvys,alvys.com,USA,US vertical,Logistics TMS,7,3,Co-founder,Series B proceeds partly go to 'expanding partnerships and integrations' - scale past 100 connectors without scaling integrations headcount.,Mature integrations; scale-the-tail pitch,,,,,,,,,,
Cargado,cargado.com,USA,US vertical,Cross-border freight,7,3,Co-founder,You are building the 'integrated' cross-border marketplace - embedded TMS and customs-broker connectors are the productized version of that promise.,Inferred pain; very young company,,,,,,,,,,
Otto,otto.vet,USA,US vertical,Veterinary,7,3,Co-founder,Extend your PIMS coverage lead to every long-tail PIMS without hand-building each sync.,May exceed 200 employees - verify,,,,,,,,,,
Rose Rocket,roserocket.com,Canada,US vertical,Logistics TMS,7,3,Co-founder,Your Platform Partner Program asks partners to build against your SDK - flip the model and own the long-tail integrations in-product.,Mature partner program; scale-the-tail pitch,,,,,,,,,,
Documenso,documenso.com,Germany/USA,Dev tools,E-signature (OSS),6,3,Ivica,The n8n integration is queued in your public backlog behind core signing work - Zapier-class connectivity without touching your roadmap.,May be under 10 people; incorporation ambiguous,,,,,,,,,,
Pylon,usepylon.com,USA,Dev tools,B2B support,6,3,Ivica,Every deal hinges on another Slack-Teams-Salesforce-Jira permutation - before the post-Series-B hiring wave goes to connector maintenance.,No direct pain artifact found - verify first,,,,,,,,,,
Zenskar,zenskar.com,USA,HR/fin-ops,Billing / rev-rec,6,3,Ivica,Promising 200+ two-way integrations on a Series A team is a permanent maintenance tax - worth comparing notes on running that catalog embedded.,Weakest evidence in segment,,,,,,,,,,
SPRY,sprypt.com,USA,US vertical,Outpatient rehab EMR,6,3,Co-founder,Enterprise rehab deals bring EHR and clearinghouse integration asks - say yes without pulling engineers off the core EMR.,Weakest evidence in segment; 236 employees,,,,,,,,,,


Followed from 15

| Company | Contact | Role | Profile | Note draft |
|---|---|---|---|---|
| Plancraft | Julian Wiedenhaus | CEO & Co-founder | https://www.linkedin.com/in/julianwiedenhaus/ | Hi Julian — noticed Plancraft's DATEV workflow still leans on CSV export/import while you scale across 11 countries. We help construction-tech platforms ship real two-way accounting & supplier APIs fast. Worth a quick chat? |
| Atlar | Johannes Elgh | CTO & Co-founder | https://www.linkedin.com/in/jelgh/ | Hi Johannes — saw Atlar is staffing a 9-engineer Connectivity team for bank/ERP integrations. Worth comparing notes on what an embedded open-source integration layer could take off that roadmap? |
| Hyperline | Clément Garbay | Co-founder & CTO | https://www.linkedin.com/in/clementgarbay/ | Hi Clément — your changelog shows accounting connectors shipping one at a time (Zoho Books, then NetSuite/Rillet). We help teams like Hyperline ship ten a quarter without burning core eng. Open to a quick chat? |
| Payslip | Fidelma McGuirk | Founder & CEO | https://www.linkedin.com/in/fidelmamcguirk/ | Hi Fidelma — noticed Payslip's team hand-builds every HCM-to-payroll connector (Workday PECI, SuccessFactors). We turn that workload into configuration on an embedded platform. Worth a quick chat? |
| Sequence | Riya Grover | Co-founder & CEO | https://www.linkedin.com/in/riya-grover-a22a4822/ | Hi Riya — Sequence's docs route NetSuite customers to CSV exports and "talk to our team." We help billing platforms make NetSuite (and the next ten ERPs) native. Worth a quick chat? |
| Zelt | Chris Priebe | Co-founder & CEO | https://www.linkedin.com/in/chrisagain/ | Hi Chris — reviews of Zelt flag the missing integration ecosystem and public API. An embedded iPaaS gives you both, plus fixes for things like the Nest pension sync. Worth a quick chat? |
| Coperniq | Abdullah Al-Zandani | CEO | https://www.linkedin.com/in/azandani/ | Hi Abdullah — Coperniq's support docs list ~8 native integrations, with the rest routed through Zapier. We help teams ship that long tail natively and white-labeled. Worth a quick chat? |
| Latchel | Ethan Lieber | CEO & Co-founder | https://www.linkedin.com/in/ethanlieber/ | Hi Ethan — congrats on the Series A. Saw the funds are earmarked to deepen third-party property management integrations — we help compress that roadmap from quarters to weeks. Worth a quick chat? |
| Lawmatics | Matt Spiegel | Founder & CEO | https://www.linkedin.com/in/mattspiegelesq/ | Hi Matt — G2 reviewers praise Lawmatics' automation but repeatedly flag integrations as a weak spot. We help close that gap without staffing a connector team. Worth a quick chat? |
| Checkly | Hannes Lenke | CEO | https://www.linkedin.com/in/hanneslenke/ | Hi Hannes — Checkly's alert-channel list is a fraction of Datadog's, and the community has filed integration requests for years. We help you match that catalog breadth at startup cost. Worth a quick chat? |
| Infisical | Maidul Islam | Co-founder | https://www.linkedin.com/in/maidul98/ | Hi Maidul — secret-sync bugs like the GitLab masked-sync failure have sat open since 2024 across Infisical's hand-built connectors. We maintain 190+ so yours don't rot. Worth a quick chat? |
| Plane | Vamsi Kurama | CEO & Co-founder | https://www.linkedin.com/in/vamsi-kurama/ | Hi Vamsi — Plane's Gitea-sync issue has 94 upvotes since 2023, with GitLab parity and Mattermost queued behind it. We can power those syncs so your engineers stay on core PM. Worth a chat? |
| Secoda | Etai Mizrahi | CEO | https://www.linkedin.com/in/etai-mizrahi-07656aa1/ | Hi Etai — Secoda's docs promise Airflow, S3 and great_expectations connectors "on the roadmap" and ask users to email requests. We can help clear that whole queue. Worth a quick chat? |
| SigNoz | Pranay Prateek | Co-founder | https://www.linkedin.com/in/pranay01/ | Hi Pranay — the Discord alert-channel request your own team filed from a paying-user thread has been open since Jan 2023. We help observability platforms close gaps like this fast. Worth a chat? |
| Awell | Thomas Vande Casteele | Co-founder & CEO | https://www.linkedin.com/in/thomasvdc/ | Hi Thomas — noticed each EHR integration at Awell is hand-built extension by extension. We offer a self-serve connector catalog so your team stays focused on care flows. Worth a quick chat? |
| Chainels | Erwin Buckers | CEO | Founder & CEO | https://www.linkedin.com/in/erwin-buckers-35699028/ | High |
| Chainels | Christiaan Titos Bolivar | CTO (closest equiv.) | Lead Developer — no formal CTO title exists | https://www.linkedin.com/in/christiaan-titos-bolivar-b17550ba/ | Medium |
| Dockflow | Pauline Van Ostaeyen | CEO (closest equiv.) | Co-Founder — commercial/leadership focus, no one holds literal "CEO" title | https://be.linkedin.com/in/paulinevanostaeyen | Low |
| Dockflow | Michiel Valee | CTO (closest equiv.) | Co-Founder / Tech Lead | https://be.linkedin.com/in/michielvalee | Medium |
| EverReal | Nessim Djerboua | CEO | CEO & Founder | https://www.linkedin.com/in/nessimdjerboua/ | High |
| EverReal | Liviu Ignat | CTO | CTO & Co-Founder | https://www.linkedin.com/in/liviu-ignat-76835b21/ | High |
| FreightSuite | Samuel Moore | CEO | Co-Founder (CEO per third-party org chart) | https://www.linkedin.com/in/samuel-moore-370767206/ | Medium |
| FreightSuite | — not confirmed — | CTO | William Jacobs is technical co-founder but no source confirms a CTO-equivalent title | https://uk.linkedin.com/in/william-jacobs-4233665b | Low |
| Harbor Lab | Antonis Malaxianakis | CEO | Founder & CEO | https://gr.linkedin.com/in/antonis-malaxianakis-7b656b6b | High |
| Harbor Lab | Spyros Lamprinidis | CTO | Chief Technology Officer | https://www.linkedin.com/in/spyroslambrinidis/ | Medium |
| HERO Software | Michael Kessler | CEO | Founder & CEO (Geschäftsführer) | https://de.linkedin.com/in/michael-kessler-6201b7a0 | High |
| HERO Software | Constantin Schomburg | CTO | Chief Technology Officer | https://www.linkedin.com/in/cschomburg/ | High |
| Legl | Julia Salasky | CEO | CEO | https://uk.linkedin.com/in/juliasalasky | High |
| Legl | Matt Jared | CTO | CTO | https://uk.linkedin.com/in/matt-jared-42013a128 | Medium |
| Rentio | Stijn Roels | CEO | CEO (LinkedIn shows "Co-Founder") | https://be.linkedin.com/in/stijn-roels | High |
| Rentio | — not confirmed — | CTO | No source titles anyone CTO; Dries Van Schevensteen is Lead Engineer/Developer | https://www.linkedin.com/in/dries-van-schevensteen-7244259b/ | Low |
| Carv | Barend Raaff | CEO (closest equiv.) | Co-Founder — no one holds explicit "CEO" title; prior CEO experience at Harver | https://www.linkedin.com/in/barend-raaff-602979/ | Low |
| Carv | Steven Kroon | CTO | Chief Technology Officer | https://www.linkedin.com/in/stevenkroon/ | Medium |
| Circula | Nikolai Skatchkov | CEO | CEO & Co-Founder | https://de.linkedin.com/in/skatchkov | High |
| Circula | Roman Leicht | CTO | CTO & Co-Founder | https://de.linkedin.com/in/romanleicht | High |
| Embat | Antonio Berga | CEO | Co-CEO & Founder (Carlos Serrano García-Lisón is the other Co-CEO, no LinkedIn found) | https://es.linkedin.com/in/antonio-berga | High |
| Embat | Tomás Gil | CTO | CTO | https://es.linkedin.com/in/tomasgiletreros | High |
| Kolleno | Dimitri Raziev | CEO | CEO & Co-Founder | https://www.linkedin.com/in/dimitri-raziev-7312845/ | High |
| Kolleno | Ron Danenberg | CTO | CTO & Founder | https://www.linkedin.com/in/rondanenberg/ | Medium |
| Omnea | Ben Freeman | CEO | Co-Founder & CEO | https://www.linkedin.com/in/ben-freeman-a8542166/ | High |
| Omnea | Ben Allen | CTO | Co-Founder & CTO | https://uk.linkedin.com/in/benjaminjallen | High |
| Quandri | Jackson Fregeau | CEO | Co-Founder & CEO | https://ca.linkedin.com/in/jacksonfregeau | High |
| Quandri | Heather Natour | CTO (closest equiv.) | VP of Engineering — no one holds CTO title | https://www.linkedin.com/in/heather-natour/ | Medium |
| Solvimon | Kim Verkooij | CEO | Co-Founder & CEO | https://nl.linkedin.com/in/kimverkooij | High |
| Solvimon | Etienne Gerts | CTO | Co-Founder & CTO | https://www.linkedin.com/in/etienne-gerts-91636b4/ | High |
| Younium | Niclas Lilja | Founder & CEO | [linkedin.com/in/niclas-lilja](https://www.linkedin.com/in/niclas-lilja/) | Hi Niclas — saw a G2 review calling out your Salesforce integration. We help subscription platforms rebuild CRM/ERP sync once and expose every connector mid-market buyers expect. Worth a quick chat? |
| AgVend | Alexander Reichert | Co-Founder & CEO | [linkedin.com/in/alexanderreichert](https://www.linkedin.com/in/alexanderreichert) | Hi Alexander — your grower portals live or die by ERP, agronomy and grain-system syncs. We help teams onboard the next ag ERP without a bespoke build. Open to a quick chat? |
| AgVend | Eli Rosenberg | Co-Founder & CPO | Not captured | Hi Eli — following up on integration coverage for AgVend's grower portals (ERP/agronomy/grain-system syncs) — happy to share how we help teams ship these without bespoke builds. |
| Archy | Jonathan Rat | Co-Founder & CEO | [linkedin.com/in/jonathanrat](https://www.linkedin.com/in/jonathanrat) | Hi Jonathan — sensors, imaging AI and payer systems each need a bespoke connector today. We help teams ship these natively instead of one TWAIN driver at a time. Worth a chat? |
| Carepatron | Jamie Frew | Co-Founder | [linkedin.com/in/jamie-frew-b843618](https://www.linkedin.com/in/jamie-frew-b843618) | Hi Jamie — Capterra reviewers keep asking Carepatron for Medicare, insurance-billing and accounting integrations. We help teams ship these as embedded, white-label connectors. Open to connecting? |
| Hona | Matt McClellan | Co-Founder | [linkedin.com/in/matthew-mcclellan22](https://www.linkedin.com/in/matthew-mcclellan22) | Hi Matt — Hona's edge is deep case-management sync with Clio, Filevine and Smokeball. We help teams cover the next ten PMSs prospects ask about, fast. Worth a quick chat? |
| Hona | Joshua Christensen | Co-Founder & CTO | [linkedin.com/in/joshua-n-christensen](https://www.linkedin.com/in/joshua-n-christensen) | Hi Joshua — curious how the team is scaling PMS integrations beyond Clio/Filevine/Smokeball. We help teams like Hona's ship the long tail of case-management syncs without the bespoke build each time. |
| Milk Moovement | Jon King | Co-Founder & CEO | [linkedin.com/in/jonathanjking](https://www.linkedin.com/in/jonathanjking) | Hi Jon — saw Milk Moovement ingests lab results via API, FTP or email. We help teams turn that legacy glue into productized, white-label integrations co-ops configure themselves. Worth a chat? |
| Milk Moovement | Christopher O'Malley | CTO | [linkedin.com/in/comalley](https://www.linkedin.com/in/comalley) | Hi Christopher — curious how the team is productizing lab-result ingestion (API/FTP/email) today. We help teams turn that into self-serve, white-label integrations for co-ops. Open to connecting? |
| RentCheck | Marco Nelson | Founder & CEO | [linkedin.com/in/marco-nelson-67470530](https://www.linkedin.com/in/marco-nelson-67470530) | Hi Marco — noticed Buildium is still "coming soon" on RentCheck's integrations page. We help teams ship Buildium, Propertyware and the PM long tail in weeks, not quarters. Worth a chat? |
| RentCheck | Matias Pan | Head of Engineering | [linkedin.com/in/matias-pan-41729a279](https://www.linkedin.com/in/matias-pan-41729a279) | Hi Matias — curious about the roadmap for Buildium/Propertyware and the rest of the PM integration long tail at RentCheck. We help teams ship these in weeks. Open to connecting? |
| Siteline | Claire Wilson | Co-Founder & CEO | [linkedin.com/in/construction-claire](https://www.linkedin.com/in/construction-claire) | Hi Claire — saw Siteline maintains 8+ bidirectional construction ERP syncs in-house. We help teams offload that connector maintenance so engineers stay on billing workflows. Worth a chat? |
| Siteline | Gloria Lin | Co-Founder & CPO | [linkedin.com/in/glo](https://www.linkedin.com/in/glo) | Hi Gloria — curious how the team is prioritizing the 8+ construction ERP syncs Siteline maintains in-house. We help offload that maintenance so engineering stays on core billing workflows. |
| VXT | Lucy Turner | Co-Founder & CTO | [linkedin.com/in/lucy-turner-nz](https://www.linkedin.com/in/lucy-turner-nz) | Hi Lucy — VXT ships PMS integrations one announcement at a time today. We help legal-tech teams cover the PMS long tail all at once instead of one-off builds. Worth a quick chat? |
| Dash0 | Mirko Novakovic | CEO | [linkedin.com/in/mirkonovakovic](https://www.linkedin.com/in/mirkonovakovic) | Hi Mirko — Dash0 has 103 ingestion integrations but alerts only reach PagerDuty and a bare Slack webhook. We help teams get Datadog-grade outbound reach in a quarter. Worth a chat? |
| Dash0 | Ben Blackmore | CTO | [linkedin.com/in/benripkens](https://www.linkedin.com/in/benripkens) | Hi Ben — curious how the team's thinking about outbound integration reach beyond PagerDuty/Slack for Dash0 alerts. We help teams get there in about a quarter. Open to connecting? |
| Formbricks | Johannes Dancker | Founder & CEO (tentative) | [linkedin.com/in/johannes-dancker](https://www.linkedin.com/in/johannes-dancker) | Hi Johannes — saw Formbricks users file Telegram and Snowflake requests just to stop paying for Zapier. We help teams power those destinations natively inside the product. Worth a chat? |
| Formbricks | Matti Nannt | Founder & CTO | [linkedin.com/in/matti-sh](https://www.linkedin.com/in/matti-sh) | Hi Matti — curious how you're prioritizing the Telegram/Snowflake-type integration requests users file to avoid paying for Zapier. We help teams power these natively. Open to connecting? |
| kapa.ai | Emil Sorensen | CEO | [linkedin.com/in/sorensenemil](https://www.linkedin.com/in/sorensenemil) | Hi Emil — kapa.ai's pitch depends on 30+ doc sources plus Slack, Discord and Zendesk surfaces, and every enterprise deal adds another connector ask. We help teams solve that once. Worth a chat? |
| kapa.ai | Finn Bauer | Co-Founder | [linkedin.com/in/finn-bauer-533bb0130](https://www.linkedin.com/in/finn-bauer-533bb0130) | Hi Finn — curious how the team's handling the growing connector asks (Slack/Discord/Zendesk and beyond) as enterprise deals come in. We help teams solve this once. Open to connecting? |
| Lightdash | Hamzah Chaudhary | Co-Founder & CEO | [linkedin.com/in/hamzahc](https://www.linkedin.com/in/hamzahc) | Hi Hamzah — saw the StarRocks connector request on Lightdash has been open since 2023. We help teams keep funding on the core product, not connector plumbing. Worth a quick chat? |
| Lightdash | Oliver Laslett | Co-Founder & CTO | [linkedin.com/in/olaslett](https://www.linkedin.com/in/olaslett) | Hi Oliver — noticed the open StarRocks connector request on Lightdash's tracker. We help engineering teams offload connector plumbing so it doesn't compete with core roadmap. Open to connecting? |
| Sifflet | Salma Bakouk | CEO & Co-founder | [linkedin.com/in/salmabakouk](https://www.linkedin.com/in/salmabakouk) | Hi Salma — data-observability deals are won on connector coverage, and Sifflet's public catalog lists around ten platforms. We help teams triple that surface without tripling the team. Worth a chat? |
| Contractbook | Jarek Owczarek | Founder | [linkedin.com/in/jarek-owczarek](https://www.linkedin.com/in/jarek-owczarek) | Hi Jarek — noticed Contractbook's integration story largely runs through Zapier today. We help teams build native, white-label CRM/ERP sync that Zapier can't match on depth or data control. |
| Juro | Richard Mabey | Co-Founder & CEO | [linkedin.com/in/rmabey](https://uk.linkedin.com/in/rmabey) | Hi Richard — noticed a few Juro users flagging the CRM integration as buggy and calling out that deeper connectors sit behind add-on pricing. Curious how you're thinking about making integrations a strength rather than upsell friction — would love to compare notes. |
| Lexroom.ai | Paolo Fois | Co-Founder & CEO | [linkedin.com/in/paolo-fois-lexroom](https://it.linkedin.com/in/paolo-fois-lexroom) | Hi Paolo — congrats on the recent raise. Every firm you sell into will ask Lexroom to plug into their PMS/DMS — curious how you're planning to deliver that connector catalog without slowing the model roadmap. Would love to compare notes. |
| Light | Jonathan Sanders | CEO | [linkedin.com/in/jonathan-sanders](https://uk.linkedin.com/in/jonathan-sanders) | Hi Jonathan — saw Light outsourced bank connectivity to Atlar rather than building it in-house. That buy-not-build logic seems like it'd apply just as well to the broader integration layer a NetSuite challenger needs. Would love to compare notes. |
| Numeric | Parker Gilbert | Co-Founder & CEO | [linkedin.com/in/parker-gilbert-99483298](https://www.linkedin.com/in/parker-gilbert-99483298/) | Hi Parker — Numeric's close automation reaching four GLs is impressive, but QuickBooks Enterprise is a named gap vs. FloQast's ERP coverage. Curious how you're prioritizing that chase without pulling AI engineers off the roadmap. Would love to compare notes. |
| Numeric | Andrew Bihl | Co-Founder & CTO | [linkedin.com/in/andrewbihl](https://www.linkedin.com/in/andrewbihl/) | Hi Andrew — Numeric's close automation covering four GLs is strong, but QuickBooks Enterprise sits as a named gap vs. FloQast's ERP coverage. Curious how you're weighing that build vs. buy-not-build without diverting engineering time. Would love to compare notes. |
| Pivot | Romain Libeau | Co-Founder | [linkedin.com/in/romainlibeau](https://www.linkedin.com/in/romainlibeau/) | Hi Romain — three native ERP integrations plus an open API for the rest is a smart start. As Pivot pushes into 25+ countries, curious how you're thinking about productizing that build-it-yourself tail. Would love to compare notes. |
| Upflow | Alexandre Louisy | Co-Founder & CEO | [linkedin.com/in/alexlouisy](https://www.linkedin.com/in/alexlouisy) | Hi Alex — Upflow's half-dozen native ERP connectors are clearly well-loved, but complex stacks still fall back to manual syncs. Curious how you're thinking about covering that billing-tool long tail. Would love to compare notes. |
| AgriWebb | Kevin Baum | CEO & Co-Founder | [linkedin.com/in/kevin-baum-0to1](https://www.linkedin.com/in/kevin-baum-0to1/) | Hi Kevin — AgriWebb's Marketplace promises a "growing number" of connected farm systems. Curious what it'd take to grow that 10x without building out a partner-engineering backlog. Would love to compare notes. |
| Alvys | Nick Darman | Founder & CEO | [linkedin.com/in/ndarman](https://www.linkedin.com/in/ndarman/) | Hi Nick — saw the Series B proceeds partly go toward "expanding partnerships and integrations." Curious how you're thinking about scaling past 100 connectors without scaling integrations headcount 1:1. Would love to compare notes. |
| Alvys | Leo Gorodinski | ⚠️ Former Co-Founder & CTO (Oct 2020–Feb 2026; now Founder at Cohesive Systems) | [linkedin.com/in/levgorodinski](https://www.linkedin.com/in/levgorodinski/) | Skip the Alvys-specific note above — he left Alvys in Feb 2026. Worth confirming who the current Alvys CTO is before reaching out on this angle. |
| Cargado | Matt Silver | Co-Founder & CEO | [linkedin.com/in/mattpsilver](https://www.linkedin.com/in/mattpsilver/) | Hi Matt — you're building the "integrated" cross-border marketplace. Embedded TMS and customs-broker connectors seem like the productized version of that promise. Curious how you're approaching that. Would love to compare notes. |
| Cargado | Rylan Hawkins | Co-Founder & CTO | [linkedin.com/in/rylanhawkins](https://www.linkedin.com/in/rylanhawkins/) | Hi Rylan — Cargado's positioning as the "integrated" cross-border marketplace stood out. Embedded TMS and customs-broker connectors feel like the natural productized layer on top. Would love to compare notes on how you're building that. |
| Otto | Zeynep Young | CEO | [linkedin.com/in/zeynep-young-7b45284](https://www.linkedin.com/in/zeynep-young-7b45284/) | Hi Zeynep — Otto's PIMS coverage lead is notable. Curious how you're thinking about extending that to every long-tail PIMS without hand-building each sync. Would love to compare notes. |
| Rose Rocket | Alexander Luksidadi | Founder & CTO | [linkedin.com/in/luksidadi](https://www.linkedin.com/in/luksidadi/) | Hi Alexander — Rose Rocket's Platform Partner Program asks partners to build against your SDK. Curious if you've considered flipping that model and owning the long-tail integrations in-product instead. Would love to compare notes. |
| Documenso | Timur Ercan | Co-Founder & CEO | [linkedin.com/in/timurercan](https://www.linkedin.com/in/timurercan/) | Hi Timur — saw the n8n integration is queued in Documenso's public backlog behind core signing work. Curious about getting Zapier-class connectivity shipped without pulling focus from the roadmap. Would love to compare notes. |
| Pylon | Marty Kausas | Co-Founder & CEO | [linkedin.com/in/martykausas](https://www.linkedin.com/in/martykausas) | Hi Marty — every Pylon deal seems to hinge on another Slack/Teams/Salesforce/Jira permutation. Curious how you're planning to handle that ahead of the post-Series-B hiring wave, before it becomes connector-maintenance headcount. Would love to compare notes. |
| Pylon | Advith Chelikani | Co-Founder | [linkedin.com/in/advith](https://www.linkedin.com/in/advith/) | Hi Advith — noticed every Pylon deal hinges on another Slack/Teams/Salesforce/Jira permutation. Curious how you're thinking about that ahead of the post-Series-B hiring wave, before it turns into connector-maintenance headcount. Would love to compare notes. |
| Zenskar | Apurv Bansal | Co-Founder & CEO | [linkedin.com/in/bansalapurv](https://www.linkedin.com/in/bansalapurv/) | Hi Apurv — promising 200+ two-way integrations on a Series A team is a serious maintenance tax. Would love to compare notes on how you're running that catalog embedded rather than growing a dedicated team for it. |
| Zenskar | Saurabh Agrawal | Co-Founder & CTO/CFO | [linkedin.com/in/saurabh--agrawal](https://www.linkedin.com/in/saurabh--agrawal/) | Hi Saurabh — 200+ two-way integrations on a Series A team is a real maintenance tax. Curious how you're running that catalog embedded today — would love to compare notes. |
| SPRY | Brijraj Bhuptani | Co-Founder & CEO | [linkedin.com/in/brijraj-bhuptani-a6624a](https://www.linkedin.com/in/brijraj-bhuptani-a6624a) | Hi Brijraj — enterprise rehab deals bring EHR and clearinghouse integration asks along with them. Curious how SPRY is saying yes to those without pulling engineers off the core EMR. Would love to compare notes. |
